Category,Name,Followers,Views,UserName,Gender,Gender_Perchantage
"Technology, , ",Colin W. | Tech Creator,275.8K,47.3K,@colinwasson,Male,67%
"Tutorials, Vlog, Technology",Lopeztips üì≤,4M,557.4K,@lopeztips,Female,57%
"Tutorials, Vlog, Technology",Hardware Savvy,562.4K,115.3K,@hardwaresavvy,Male,68%
"Comedy, Technology, Pets",Mik Zenon,2.4M,573.9K,@mik.zenon,Female,59%
"Dance, Love & Dating, Vlog",Honeyb,2.1M,298.2K,@honeybthatsme,Female,81%
"Dance, Outfit, ",kaylin wiley,935.8K,529.6K,@kaylinwiley,Female,84%
"Dance, Vlog, ",Official_JaNina,3.3M,53.4K,@official_janina,Female,79%
"Traditional Sports, Comedy, Vlog",Noah LeycoüèÄ‚úåÔ∏èüíÄ,231K,74.5K,@noahleyco,Male,72%
"Dance, Family & Parenting, +1",AlexandraKay,480.6K,23.5K,@alexandrawille,Female,87%
"Technology, , ",taran tech support,232.2K,49.3K,@tarantech,Male,66%
"Dance, Celebrity Account, Vlog",Xenia Tchoumi,245.7K,23.1K,@xenia,Female,60%
"Love & Dating, Comedy, +1",MOONTELLTHAT,8.8M,6.5M,@moontellthat,Female,67%
"Vlog, Comedy, Family & Parenting",TheFergs,2.8M,20.1K,@mikeferg,Female,57%
"Dance, Traditional Sports, +2",Briana Green,366.7K,18K,@brianagreen11,Female,57%
"Drama, Dance, Comedy",üî±Nathanüî±,255.8K,5K,@pinkpanthernate,Female,62%
"Comedy, Vlog, +1",Kyleüß∏,2M,562.1K,@_vcy,Male,52%
"Love & Dating, Comedy, Vlog",Caitlin and Leah,3.1M,1.2M,@caitlinandleahh,Female,84%
"Comedy, Vlog, ",Jay Torres,2.9M,1.2M,@jaytorresss,Male,61%
"Dance, Love & Dating, Vlog",Sanaüê∏,1.3M,594.3K,@_frogzzzzz,Female,77%
"Vlog, Comedy, Family & Parenting",Peet Montzingo,7.5M,2.1M,@peetmontzingo,Female,73%
"Dance, Vlog, ",julia,1.2M,790.8K,@ttrippiereed,Female,81%
"Comedy, Vlog, Video Games",TYSM FOR 400K!‚ù§Ô∏èüéâ,402.2K,352.9K,@pigs_army,Female,76%
"Tutorials, Technology, ",Curtis Johnson,696.2K,127.1K,@curtwj,Female,56%
"Comedy, , ",Jacob Dever,3.1M,730.6K,@jakesterguy,Female,52%
"Pop Culture, Comedy, +1",Adrian Markovac,2.5M,1.5M,@inthedarkvlogs,Male,56%
"Dance, Vlog, ",Grandad Frank,6.4M,757.5K,@grandadfrankk,Female,81%
"Comedy, Vlog, ",Jordan Scott,2.3M,1.3M,@jayrscottyy,Female,65%
"Dance, Other Performance, Vlog",James Jones,3.1M,978.9K,@notoriouscree,Female,76%
"Love & Dating, Comedy, Vlog",nael le zient,962.9K,246.1K,@naelleziente.2,Female,74%
"Dance, Makeup, Vlog",Sol Carlos,4.6M,1.2M,@solcarlosofficial,Female,90%
"Interviews, Comedy, Vlog",Filiü§°,647.7K,1M,@fililala,Female,55%
"Drama, Transition, Comedy",jessvalortiz,3.3M,4M,@jessvalortiz,Female,76%
"Dance, Love & Dating, Vlog",Jabez,2.2M,289.3K,@jabez,Female,89%
"Comedy, Family & Parenting, ",I‚Äôm Zuly‚ú®,217.8K,21.4K,@zuleyka1212,Female,92%
"Comedy, Hair, Makeup",The Zoe Roe Show,5.5M,1.2M,@zozoroe,Female,83%
"Recipes, Comedy, Outfit",Tania Vanesa Rodrigu,3.8M,1.7M,@tania.rodri21,Female,83%
"Dance, Comedy, +1",ivanhoe spalluto,2.8M,1.2M,@unmoderated.ivanhoe,Female,75%
"Comedy, Education, Vlog",IAN,3.3M,972K,@ianboggs,Female,63%
"Drama, Comedy, Vlog",Jaden Dunn,2.9M,887.8K,@jadendunn,Female,65%
"Love & Dating, Comedy, Vlog",dnek,4.3M,1.5M,@blaiseeeeeeeeeeeee,Female,61%
"Dance, Vlog, ",Cory Hunter Winn,1.2M,766K,@corywinn,Female,76%
"Comedy, Vlog, ",ùñ£ ùñ† ùñ± ùñ´ ùñ†  ùñ§ ùñ´ ùñ® ùñπ ùñ†,4.8M,456.3K,@darlaeliza,Female,65%
"Comedy, Vlog, ",Melissa Ong,3.7M,859.7K,@chunkysdead,Female,67%
"Drama, Comedy, Pets",Mason Glasco,5.9M,561.2K,@maseplace,Female,76%
"Dance, Love & Dating, ",Miketoks,8.5M,9.1M,@miketoks,Female,69%
"Comedy, Vlog, Pets",Good Boy Ollie,1.6M,2.4M,@good.boy.ollie,Female,74%
"Comedy, , ",KengiBeLaughin,2.5M,909.8K,@iamkengi1,Female,52%
"Interviews, Comedy, Vlog",Jimmy Darts,2.8M,1.8M,@jimmydarts,Female,60%
"Dance, Comedy, Vlog",aka CBANDZZZ üó£,5M,1.9M,@zeddywill,Male,51%
"Comedy, Vlog, ",Collin,6.4M,416.3K,@collinurrmom,Female,53%
"Dance, Vlog, ",Mr. Pyper,1.5M,460.2K,@mr.pyper,Female,70%
"Comedy, Vlog, +1",RichardSalesOfficial,3.4M,1.2M,@richardsalesofficial,Female,75%
"Comedy, , ",Andreas Polychronis,2.3M,2.2M,@andreaspoly,Female,58%
"Drama, Comedy, Vlog",btecbill,2.2M,1.1M,@btecbill,Female,55%
"Comedy, Vlog, ",Ivy,928.1K,103.8K,@ivy.eve.scarlet,Female,72%
"Comedy, Vlog, ",Patrick Renna,2.2M,13.5M,@patrickrenna,Female,52%
"Comedy, Vlog, +1",Justyn Âçì,2.5M,570.3K,@justyngee,Female,78%
"Comedy, , ",Jason Banks,5.8M,980.2K,@jasonbankscomedy,Female,57%
"Love & Dating, Comedy, Vlog",Nael Le Ziente,1.9M,1.1M,@naelleziente,Female,75%
"Comedy, , ",Lance Stewart,18.6M,5.5M,@lance210,Female,61%
"Dance, Outfit, ",Basement Gang,3.7M,1.7M,@basementgang,Female,75%
"Dance, Comedy, Vlog",bigmike_675 he/him,2.8M,430.7K,@bigmike_675,Female,52%
"Comedy, Vlog, ",BATZAIR,3.7M,1.6M,@batzair,Female,60%
"Dance, Love & Dating, Makeup",Brianna Olsen,1.5M,44.4K,@wildchildbre,Female,68%
"Drama, Comedy, Outfit",Philip Clyde,923.4K,1.4M,@philclyde,Male,57%
"Comedy, , ",Samuel Grubbs,7.9M,9.9M,@samuelgrubbs,Female,64%
"Dance, Love & Dating, Vlog",Sam&Lona,3.9M,752.3K,@samandlona,Female,82%
"Comedy, Vlog, ",Jake Joseph Everett-Rose,1.8M,2.5M,@jjeverettrose,Male,52%
"Comedy, Vlog, ",ùôèùôÉùôÄùôäùôé,644.8K,512.6K,@theos.mp4,Female,52%
"Comedy, Vlog, ",PANDA BOI,6.8M,1.9M,@pandaboi.com,Female,67%
"Dance, Education, +1",Alicia Dougherty,1.1M,430.2K,@doughertydozen,Female,87%
"Comedy, Vlog, ",Scott üî•,27.7M,4.4M,@scottsreality,Female,53%
"Dance, Vlog, ",alyssa <3,320.8K,289.2K,@lyssalevin,Female,50%
"Dance, , ",Success Myers,1.4M,82.4K,@booitz,Female,59%
"Comedy, Vlog, ",Raymond,958.5K,629.4K,@stoveraymond,Female,53%
"Comedy, Vlog, ",Adam Shi,4.3M,530.6K,@adamsheey,Female,51%
"Comedy, Vlog, ",elon musky,1.4M,951.3K,@bradyszuhaj,Female,59%
"Pop Culture, Comedy, Vlog",Charles Brockman III,3.5M,1.3M,@theonlycb3,Female,83%
"Comedy, Vlog, Pets",funnyvideo,1.7M,272.6K,@funny_video582,Male,61%
"Dance, Vlog, ",bradeazy,2.5M,661.7K,@bradeazy,Male,66%
"Comedy, Vlog, ",Nicolas Roman,5.6M,711.9K,@xtheromanempire,Female,61%
"Drama, Comedy, Accessories",ike Dweck,2.8M,1.6M,@ike_dweck,Female,63%
"Dance, Vlog, ",Love So Real ‚ù§Ô∏è,4.1M,3.7M,@lovesoreal,Female,84%
"Technology, , ",Lucas | LucidVR,382.5K,176.8K,@lucas_vrtech,Male,60%
"Comedy, Vlog, ",Brett Mooswa,631.6K,294.4K,@brettstoise,Female,51%
"Comedy, , ",Simba,8.4M,1.8M,@baby_simba47,Female,52%
"Comedy, , ",Jon Harris,2.5M,760.6K,@cowphobia86,Female,55%
"Comedy, Vlog, ",Fahad Kaleem,345.3K,236.2K,@fahaadk_,Male,61%
"Comedy, Vlog, Video Games",helena & lyds,904.7K,945.3K,@robloxxhelenaa,Female,90%
"Dance, Vlog, ",Donae,3.3M,512.7K,@original.don,Female,87%
"Dance, Vlog, ",SwagBoyQ on IG,17M,3M,@swagboyq,Female,54%
"Technology, , ",Vector,3.6M,851.6K,@vector_the_robot0,Male,51%
"Family & Parenting, Comedy, Vlog",Emily Villegas,1.4M,380.3K,@emily_v30,Female,85%
"Dance, Food Art & Discovery, +1",B,1.2M,532.9K,@brandontylerss,Female,90%
"Dance, Hair, Vlog",LaysieB,1.6M,159.3K,@laysieeeb,Female,85%
"Comedy, Vlog, ",Cool Grandpaüë¥üèº,2.9M,2.2M,@theverycoolgrandpa,Male,50%
"Dance, Comedy, Vlog",Mudyandshamy,2.4M,714.8K,@mudyandshamy,Female,85%
"Dance, , ",Tracy Joseph,1.2M,1.9M,@tracy.oj,Female,88%
"Comedy, Family & Parenting, ",Joe Mele,13.9M,4.7M,@mmmjoemele,Female,62%
"Dance, , ",avemoves,9.5M,1.7M,@avemoves,Female,60%
"Comedy, , ",Fernanduche,3.4M,2.1M,@fernanduche,Female,78%
"Dance, Art, Vlog",ROSELIN LLANES,3.3M,506.6K,@roselinllanes,Female,73%
"Technology, Education, +1",tntcreations100,2.2M,3.8M,@clawcraziness,Female,55%
"Comedy, Vlog, ",Jenna & Seth,5.3M,858.6K,@jennaandseth,Female,79%
"Comedy, Vlog, Pets",Maya the Husky,3.8M,1.4M,@maya.husky,Female,66%
"Drama, Comedy, Vlog",‚ú®Adrian Is Cute Bro‚ú®,3.9M,844.4K,@broisfunny,Female,53%
"Comedy, Art, ",Julia Gisella,5.2M,2.7M,@juliagisella,Female,73%
"Comedy, Vlog, Celebrity Account",Cam Holmes,1.1M,4.3M,@camholmess,Female,87%
"Comedy, Vlog, ",kylescheele,2.1M,169.4K,@kylescheele,Female,68%
"Comedy, Vlog, ",Namfon,369.9K,535.6K,@nam_patcharaporn,Female,72%
"Comedy, Vlog, ",junpei zaki,4.3M,778K,@junpei.zaki,Female,51%
"Comedy, Celebrity Account, Vlog",Lukas Arnold (he/him),2M,266.3K,@lukastarnold,Female,62%
"Hair, Comedy, ",Mariam George,825.8K,529.4K,@themariamgeorge,Female,77%
"Comedy, , ",Joel M,12.9M,4.7M,@joelmagician,Female,56%
"Love & Dating, Comedy, Vlog",JAY,332.9K,936.5K,@jasonvrrt,Female,57%
"Comedy, , ",Jacob King,555.3K,1.3M,@jacob_t_king,Female,65%
"Comedy, Video Games, Vlog",Spacys,533.4K,1.6M,@spacysfn,Female,55%
"Comedy, Celebrity Account, Vlog",Dante,2.5M,1.2M,@dantefiorani,Female,79%
"Comedy, Vlog, ",Grandingo,345.3K,802.7K,@grandingo,Male,63%
"Dance, Vlog, ",Jessie‚ú®,483K,1.4M,@grcjessicajane,Female,66%
"Dance, Comedy, Music",Manuel Mercuri,11.8M,7.3M,@mercuri_88,Male,60%
"Drama, Love & Dating, Comedy",user5603672364806,3.1M,2.1M,@nilunanimiel1,Female,74%
"Transition, Comedy, Vlog",Garrett Trzcinski,278.3K,28.8K,@garrett.ski,Female,68%
"Pop Culture, Comedy, +1",mo,852.4K,5.2M,@uhmoz,Female,67%
"Dance, Celebrity Account, +2",Josh Zilberberg,2M,3.7M,@josh.zilberberg,Female,87%
"Love & Dating, Comedy, Vlog",CS:GO Videos,871.1K,483.3K,@csgo.videoz,Male,70%
"Interviews, Comedy, Vlog",jayundaryapodcast,332.8K,986K,@jayundaryapodcast,Female,58%
"Comedy, , ",Simon Brea,142K,263.6K,@simon.brea,Male,58%
"Comedy, Video Games, Vlog",ItzMaxK,547K,184.6K,@itzmaxk,Male,63%
"Dance, Vlog, Cosplay",Kika Kim,10.1M,3.1M,@kikakiim,Female,75%
"Comedy, Vlog, ",Celinaspookyboo,20.1M,5.4M,@celinaspookyboo,Female,82%
"Comedy, Vlog, ",bentellect,7.6M,4M,@bentellect,Female,75%
"Drama, Dance, Vlog",Fero Fahima,6.2M,381.4K,@ferofero,Female,76%
"Comedy, Vlog, ",Bene,2.7M,1.6M,@bene.schulz,Female,80%
"Dance, Makeup, +1",Sue Rose,2.7M,821.7K,@suexjosh,Female,83%
"Drama, Comedy, Vlog",KarenCassssss,1.4M,1.4M,@karencassssss,Female,81%
"Dance, Comedy, Vlog",Chase Rutherford,2.5M,2.4M,@chaserutherford,Female,86%
"Comedy, Education, Vlog",jjjmc12,582.5K,6.8M,@jjjmc12,Female,59%
"Comedy, Family & Parenting, ",Corey B,6.9M,2.4M,@thecoreyb,Female,71%
"Comedy, Vlog, ",Sam Van Fossen,780.8K,300K,@samvanfossen,Female,55%
"Special Effects, Comedy, Vlog",jerezalto,803.2K,1.7M,@jerezalto0,Female,54%
"Dance, Makeup, +2",The Plastique Tiara,7M,2M,@plastique_tiara,Female,77%
"Comedy, Animation & Cartoon, ",Sam Cotton,1.6M,3.1M,@mrsamcotton,Female,53%
"Dance, Comedy, ",Trunks,5.3M,458.5K,@theblacktrunks,Female,62%
"Vlog, Education, Technology",UFD Tech,127.1K,25.5K,@ufdtech,Male,58%
"Comedy, Vlog, ",Basi,3.7M,1.7M,@basii_17,Female,56%
"Dance, , ",biancascaglione,490.4K,844.7K,@biancascaglione,Female,93%
"Drama, Comedy, Vlog",tyler funke :D,2.2M,395.7K,@tylerfunke,Female,80%
"Comedy, Vlog, ",Jacksepticeye,1.8M,1.5M,@jacksepticeye,Female,54%
"Comedy, Education, Vlog",ü¶Ñ,707.4K,466.7K,@awiliban,Female,91%
"Dance, Comedy, Vlog",Drea Knowsbest,5.4M,448.1K,@dreaknowsbest,Female,82%
"Technology, , ",KFergy,257.4K,110.8K,@kfergytech,Male,62%
"Comedy, Vlog, ",Chase,1.9M,1.5M,@chasedelrosario,Male,50%
"Vlog, Comedy, Education",Dersim üêâ,1.6M,1.6M,@dersiimx,Female,90%
"Comedy, Vlog, ",ben de almeida,8M,2.9M,@benoftheweek,Female,77%
"Travel, Comedy, Vlog",Simon Wilson,420.2K,1.8M,@simonjwils,Male,63%
"Travel, Comedy, Vlog",Jacob,2.1M,592.7K,@jacob_rtt,Female,85%
"Dance, Vlog, ",Devin Caherly,3.5M,1.9M,@devincaherly,Female,79%
"Comedy, Vlog, Accessories",clemdetrem,610.5K,332.3K,@clemdetrem,Female,62%
"Comedy, Vlog, ",Nickolas,3.6M,2.2M,@nickolas_ray,Female,78%
"Comedy, Vlog, +1",Danny Casale,2.6M,1.3M,@coolman_coffeedan,Female,73%
"Hair, Comedy, Vlog",FYTWITCH,659.8K,667.2K,@fytwitch,Female,72%
"Comedy, Vlog, ",„Å´„Å£„Åó„Éº,2M,2.4M,@yoshi30244781481,Female,53%
"Comedy, Vlog, ",Mark Ryan,2.2M,2.2M,@markryan92,Female,67%
"Comedy, , ",Andrew Valentine,152.1K,5.9K,@imandrewvalentine,Female,60%
"Comedy, Celebrity Account, ",Brando,2.5M,4.4M,@brando,Female,57%
"Dance, Family & Parenting, Vlog",jeromecopeland99,8.6M,1.4M,@itsromebaby,Female,79%
"School Life, Comedy, ",Jason Davenport,2.2M,993.5K,@itsjasondavenport,Female,51%
"Comedy, Vlog, ",Munera,6.3M,933.9K,@iconiccpinkk,Female,80%
"Comedy, Vlog, ",s·¥Ä è s·¥Ä è·¥è…¥·¥Ä Ä·¥Ä,475.8K,816.8K,@saysayonara_,Male,58%
"Dance, Hair, Vlog",Trevor Wagner,2M,398.3K,@trevor_wagner_,Female,84%
"Dance, Vlog, ",Tray,3.7M,1.4M,@schoollunchtray,Female,80%
"Comedy, Professional Life, ",Johnathan Dodson,504.3K,615.2K,@thejohnathandodson,Female,71%
"Dance, Outfit, ",SJ,9M,3.8M,@sjbleau,Female,74%
"Dance, Comedy, Health",The Bentist,10M,2.5M,@thebentist,Female,69%
"Comedy, Vlog, ",FionnTime,1.6M,1.7M,@fionntime,Female,54%
"Comedy, , ",üÖ±Ô∏èicycle,2.3M,952.2K,@michaelsoepic,Male,63%
"Drama, Comedy, Vlog",Christine,4.8M,674.3K,@christines_snaps,Female,89%
"Dance, Comedy, ",Tayden,2.9M,1.3M,@saydenseay,Female,82%
"Comedy, , ",Ryan Kelly,3.3M,348.6K,@youthpastorryan,Female,70%
"Comedy, Vlog, ",soj-uwu üç∂,1.7M,291.7K,@jar_oh_me,Female,54%
"Comedy, Vlog, ",Davey,5.1M,8.3M,@daveyrz,Female,64%
"Dance, Accessories, Outfit",usim,3.3M,1.7M,@usimmango,Female,60%
"Dance, Traditional Sports, +2",karebearsk8,522K,157.2K,@karebearsk8,Female,90%
"Love & Dating, Comedy, +1",LGNDFRVR,12.3M,4.7M,@lgndfrvr,Female,72%
"Dance, Hair, Outfit",LARRAY,24.3M,7.3M,@larrayeeee,Female,85%
"Dance, Celebrity Account, Vlog",Noah Schnapp,18.5M,23.4M,@noahschnapp,Female,86%
"Comedy, Animation & Cartoon, ",Nutshell,11.2M,1.2M,@nutshellanimations,Male,51%
"Comedy, Celebrity Account, Vlog",PARTY SHIRT,19.8M,963.4K,@partyshirt,Female,57%
"Comedy, Vlog, ",GingerBilly1,4.5M,3.7M,@gingerbilly1,Female,51%
"Comedy, , ",B. Dylan Hollis,4.6M,6.3M,@bdylanhollis,Female,66%
"Dance, Makeup, Outfit",Tierra,971.3K,76.3K,@tiierralisaan,Female,87%
"Dance, Makeup, Outfit",Em,2.5M,1.3M,@reallyemely,Female,55%
"Dance, Celebrity Account, Vlog",Lele Pons,23.9M,7.7M,@lelepons,Female,73%
"Tutorials, Technology, Vlog",TechPron,171.1K,362.7K,@techpron,Male,66%
"Family & Parenting, Comedy, Vlog",The Furrha Family,4.9M,2.2M,@thefurrhafamily,Female,68%
"Dance, Celebrity Account, Vlog",garrett_clayton,3.4M,660.9K,@garrettclayton91,Female,85%
"Comedy, Vlog, ",Jiaoying Summers (Funny Mom),943.9K,63.2K,@jiaoyingsummers,Female,68%
"Dance, , ",Positive Vibes üòÅ‚úåüèº,144.8K,283K,@yourboi.jay,Female,74%
"Comedy, Cosplay, +1",Jeff :),1.3M,278.4K,@jeffery_zang,Female,60%
"Comedy, Vlog, ",BashTheEntertainer,5.2M,1.4M,@bashtheentertainer,Male,55%
"Comedy, Nail Art & Care, Vlog",Jayy Duran,1.5M,969.2K,@jayyduran,Female,90%
"Love & Dating, Comedy, Vlog",Grace Hunter üë∏üèΩ‚ú®,2.6M,529.7K,@graceandzay,Female,73%
"Dance, Vlog, ",Queenayüë∏üèª,7.5M,604.5K,@queeneemercado,Female,56%
"Comedy, Family & Parenting, ",TheClassiiics,370.1K,444.8K,@theclassiiics,Female,69%
"Comedy, , ",Killa Kay,2M,793.1K,@thekillakay_,Male,55%
"Comedy, Vlog, ",Joe,1.4M,1.1M,@joeando,Female,76%
"Comedy, Vlog, ",Saint JMCüñ§üí´,2.7M,256.8K,@saint.jmc,Male,52%
"Drama, Comedy, Vlog",acie,2M,495K,@lilaciewiln,Female,51%
"Comedy, , ",Big-Reg,1.9M,1.8M,@reggiefisher15,Female,55%
"Dance, Comedy, Outfit",Fredo on TV,879.6K,147.8K,@fredoontv,Male,56%
"Comedy, Vlog, ",Vohr the Sus King,4.5M,1.6M,@vohr,Female,52%
"Dance, Vlog, Cosplay",Duke Depp,18.7M,962K,@willywonkatiktok,Female,77%
"Dance, Drama, ",Surprise Girlüåô,2.5M,2M,@surprise.gal,Female,74%
"Dance, Hair, ",Nando,1.1M,266.7K,@itsreallynando,Female,89%
"Drama, Comedy, +1",Eeka,2.1M,359.7K,@themcleodfam,Female,90%
"Comedy, Vlog, ",Hubert Lee,1.9M,635.7K,@hubertceo,Male,60%
"Dance, Vlog, ",Mr.StealYoGirl,3M,372.2K,@metelus_1,Female,86%
"Pop Culture, Comedy, Vlog",Billy Chaz,332.9K,260.2K,@billy.chaz,Male,62%
"Comedy, Vlog, ",HBB,816.2K,1.1M,@hbbordie,Male,54%
"Comedy, Celebrity Account, Vlog",Isaac,1.5M,1.7M,@manlikeisaac,Male,57%
"Comedy, Vlog, ",coreyü•Ø,2.1M,1.6M,@coreythebagel,Female,84%
"Comedy, Vlog, ",Kai Robinson,2.5M,1.8M,@kai.robinson,Male,59%
"Dance, Makeup, Outfit",Indiana Massara,4.6M,2.6M,@indiana,Female,78%
"Comedy, Vlog, ",Aleq,567.4K,627.9K,@itsalequito,Male,58%
"Education, Comedy, Vlog",Dr.NEVER,2.1M,601.8K,@dr.never,Female,67%
"Dance, Comedy, Vlog",Ôº≥ÔΩîÔΩÅÔΩô„ÄÄÔΩàÔΩôÔΩÑÔΩíÔΩÅÔΩîÔΩÖÔΩÑ„ÄÄÁ∑Ø‰ø∫„Å™,10.9M,1.2M,@caleb.finn,Female,83%
"Pop Culture, Drama, Comedy",Movie.Tvüé•,824K,835K,@movie.it,Female,54%
"Dance, Comedy, Vlog",YOUNES üá≤üá¶,2.2M,695.1K,@thedvrko,Female,57%
"Recipes, Comedy, ",Roscoes Comedy,1.6M,1.3M,@roscoescomedy,Female,62%
"Comedy, Vlog, ",London Lazerson,5.3M,312.8K,@londonlaz,Female,54%
"Comedy, Vlog, +1",Thien Nguyen,755.8K,587.6K,@thieni.boy,Female,51%
"Dance, Love & Dating, Vlog",R,2.7M,3.4M,@ataa_riffa25,Female,72%
"Dance, Vlog, ",Carson Roney,2.6M,1.4M,@carson.roney,Female,73%
"Dance, Makeup, Vlog",Phaith Montoya,1.9M,148K,@phaithmontoya,Female,78%
"Comedy, Vlog, ",It‚Äôs a sad story...,1.9M,2.1M,@dailymug69,Female,79%
"Comedy, School Life, Education",Antonio Parlati,3.1M,793.8K,@antonioparlati,Female,71%
"Drama, Comedy, Vlog",Adele_tsdr,3.5M,2.5M,@adele_tsy,Female,74%
"Comedy, Vlog, ",JP,720.5K,429.6K,@herejp,Female,63%
"Comedy, Vlog, ",Xavier Gavin,566.4K,1.1M,@xenoicxavier,Female,51%
"Dance, Vlog, Music",„ÇÜ„Éº„Çäüçéüê•(20)yuri,5.4M,580.5K,@0906yu_rin,Female,52%
"Pop Culture, Comedy, Vlog",Sadia,1.2M,2.6M,@sadiafza,Female,76%
"Comedy, Education, Vlog",Elliot Simmons,2.3M,289.6K,@elliotsimms,Female,56%
"Comedy, Vlog, ",HELICOPTER MANüöÅ,3.4M,1.2M,@marquaythegoat,Female,69%
"Comedy, Vlog, ",‚òÅLe_Vrai_Andrea‚òÅ,969.3K,831.8K,@le_vrai_andrea,Female,55%
"Dance, Vlog, ",Akamz,9.5M,737.5K,@akamztwenty20,Female,50%
"Comedy, Vlog, +1",Darius Covington,821.7K,314.3K,@thedariuscovington,Female,91%
"Dance, Comedy, Vlog",üåªRuthbell,5.8M,299.8K,@ruthbellpan,Female,70%
"Comedy, , ",Stephanie B,362.6K,335.9K,@stephaniebooty,Female,72%
"Comedy, Vlog, ",Laurenzo üè≥Ô∏è‚Äçüåà,643.1K,311.4K,@adesso.laurenzo,Female,86%
"Comedy, Vlog, ",Mason Denver,1.5M,1.2M,@masondenverr,Female,82%
"Pop Culture, Comedy, Vlog",FOLLOW MY IG ‚ù§Ô∏è,2.2M,606.1K,@therealchristuckerjr,Female,61%
"Dance, Vlog, ",Michael English,1.1M,66.9K,@flippinmichaelbro,Female,65%
"Education, Comedy, Vlog",‚íª ‚ì° ‚ìê ‚ìù ‚ìö ‚ìê,397.3K,94.5K,@thetransgenderfairy,Female,84%
"Comedy, , ",They call me RIDDLE QUEENüë∏,348.9K,315.7K,@mommynkiaan,Female,79%
"Dance, Family & Parenting, Vlog",Chad Ehlers,2.4M,339K,@da_chad,Female,81%
"Comedy, Vlog, ",DJHUNTS,6.1M,403.3K,@djhuntsofficial,Male,54%
"Dance, Vlog, ",Rami,9.5M,5.3M,@ramizeinn,Female,59%
"Vlog, Comedy, Family & Parenting",Jack üß©,912.8K,266.4K,@djack_pbt,Female,66%
"Comedy, Vlog, ",Static 2.0üòÑ,5.5M,609.9K,@jonathanrivera04,Female,52%
"Comedy, Vlog, ",Austin Tyler,1.9M,1M,@austintarmstrong,Female,69%
"Drama, Comedy, Vlog",Patricia Herfort,782.3K,973.7K,@patriciaherfort,Female,73%
"Comedy, Vlog, ",Tay,2.7M,1.3M,@vibin.wit.tay,Female,65%
"Love & Dating, Comedy, Vlog",Spencer Paskach,1.2M,497.5K,@spents,Female,91%
"Dance, Comedy, Vlog",Officer Kingery,2.3M,266.5K,@officer_kingery,Female,81%
"Comedy, , ",majorkeylife,3.4M,973K,@majorkeylife,Female,61%
"Comedy, Vlog, ",Ryan Doka,1.6M,2.5M,@dokaryan,Male,54%
"Comedy, Food Art & Discovery, +1",Agn√®s ü¶ã,115.3K,78.9K,@bananagnes,Female,93%
"Comedy, Vlog, ",Rob Anderson,1.7M,1.1M,@heartthrobert,Female,62%
"Traditional Sports, Comedy, Vlog",√âquipe De France,1.1M,3.5M,@france.fff,Male,72%
"Dance, Other Performance, Vlog",Kaylee Herring,935.6K,535.8K,@kayleekawaii,Female,86%
"Comedy, Vlog, ",Unaverage Student,1.2M,5.3M,@fayneee,Male,55%
"Comedy, Vlog, ",Mario Caruso,330.3K,698.4K,@mariocarus.o,Male,58%
"Dance, Vlog, Family & Parenting",kt huntley,5.8M,708.1K,@kthuntley,Female,92%
"Pop Culture, Interviews, Comedy",comedybaby,2M,561.7K,@itscomedybaby,Female,79%
"Comedy, Vlog, ",Basel Gazioglu,3.6M,766.1K,@baselaughs,Male,52%
"Traditional Sports, Comedy, Vlog",Dawsonü•¥,3M,1.3M,@dawsonish,Female,65%
"Comedy, Video Games, ",Michael C,3.6M,994.8K,@mcsquared90,Male,53%
"Comedy, Vlog, Celebrity Account",bucket bo,3.6M,791K,@bomiiao,Female,57%
"Comedy, Vlog, ",Nathan Connor,538.6K,531.7K,@nathanconnortv,Male,68%
"Dance, Comedy, Vlog",Scott Henry,2.2M,193.7K,@scottdhenry,Female,80%
"Dance, Love & Dating, +1",Tiffany & Chandler,2.1M,379.4K,@tiffandchan,Female,84%
"Comedy, Vlog, ",morrisüôà,1.7M,407.9K,@morrisgotkicks,Female,61%
"Dance, Vlog, ",your worst nightmare,1.2M,146.4K,@dunkaren,Female,85%
"Comedy, Vlog, ",MikeCakez üåñ,3.1M,1.8M,@mikecakez,Male,54%
"Drama, Comedy, Vlog",Chad Epps ü¶í,5M,1.3M,@chadio,Female,53%
"Comedy, Vlog, ",AjaniüêüüëÅ,1.4M,162.8K,@issajanis,Male,52%
"Dance, Family & Parenting, Vlog",Gio,831.5K,1.7M,@giofilmedthis,Female,86%
"Family & Parenting, Comedy, Vlog",Tuchiquitobombon,1.8M,184.7K,@ricombnm,Male,54%
"Comedy, Drama, Education",Mackenzie Barmen,2.3M,428.8K,@mackenziebarmen,Female,80%
"Drama, Comedy, Vlog",blake,1.8M,3.8M,@countingschleeps,Female,86%
"Comedy, , ",Yeol Ayres D.A.,3.3M,2.1M,@01ayres,Female,81%
"Art, Comedy, Vlog",gothgoingeasy üòè,960.4K,180.2K,@easygoinggoth,Female,73%
"Comedy, Vlog, ",G O L D O,1M,794.8K,@nicholasgoldoni_,Male,53%
"Dance, , ",SauceyAustinüòçüòç,3.5M,324.2K,@saucey_austin,Female,89%
"Comedy, Vlog, ",Cameron Perez,732.7K,2.3M,@outtpig,Female,76%
"Comedy, Animation & Cartoon, ",L¬¥EAU it's wet ‚úÖ,1.1M,1.2M,@ellimcaa,Female,74%
"Drama, Comedy, Vlog",maeee_ms,171.8K,518.6K,@maeee_ms,Female,73%
"Dance, Cosplay, ",THE PRESIDENTS,1.7M,2.3M,@thepresiidents,Female,79%
"Dance, Drama, Vlog",Tobi:),2.3M,509.3K,@tobi.you,Female,89%
"Auto, Comedy, ",The Rider üèçÔ∏èüí®,245.7K,361.4K,@baymax_biker,Female,54%
"Comedy, , ",Joe,33M,5.1M,@joealbanese,Female,71%
"Comedy, Vlog, Outfit",Monsieur Pof,1.5M,793K,@monsieurpof,Female,73%
"Comedy, Video Games, ",Danjon Masuta,792.7K,1M,@danjonmasuta,Male,60%
"Interviews, Comedy, Vlog",Lucas O‚Äôbonnet üë≤üèª,1.3M,552.5K,@lucasobonnet,Female,81%
"Comedy, Vlog, ",‡πÄ‡∏ä‡∏©‡∏ê‡πå‡πÄ‡∏Ç‡πâ!!,545.5K,2.4M,@shet_ke,Female,54%
"Comedy, Vlog, ",Abdullahi is my name btw,3.8M,763.1K,@itsyaboymaina,Female,51%
"Dance, Love & Dating, Comedy",Riyad et Selma,293.2K,95.4K,@riyadetselma,Female,80%
"Dance, Vlog, ",Samuel Lopez,18.1M,2.4M,@samuellopez_,Female,82%
"Pop Culture, Drama, Comedy",Bex,433K,204.9K,@bexinblue,Female,80%
"Dance, Comedy, Vlog",jaycolindres,1.8M,912.5K,@jaycolindres,Female,83%
"Drama, Love & Dating, Comedy",La Chulis Y Kimberly La Bonita,1.3M,2.8M,@artesol956,Female,88%
"Drama, Comedy, Vlog",Casey Alan,726.4K,128.1K,@caseyalan,Male,62%
"Dance, Hair, Family & Parenting",BB,4.4M,995.9K,@bemagnificent,Female,88%
"Comedy, Vlog, ",Heyitsmurphy,1.7M,2.5M,@hey_itsmurphy,Female,59%
"Dance, Interviews, +1",Tommy,10M,2.2M,@tommyunold,Female,65%
"Love & Dating, Comedy, Vlog",TheRealHammyTV,10.6M,3.1M,@therealhammytv,Male,51%
"Comedy, Celebrity Account, Vlog",Jesse Chuku,2.8M,3.6M,@chewkz,Male,53%
"Dance, Vlog, ",Franz Miaco,4.6M,1M,@franzmiaco11,Female,83%
"Dance, Vlog, ",La‚ÄôRon¬Æüé§,8.5M,1.5M,@laronhinesofficial,Female,79%
"Dance, Cosplay, +1",üí´ Ken üí´,1.1M,272.2K,@lovebunnycosplay,Female,88%
"Dance, Instrument, Vlog",‚ÄúDrummer girl‚Äù,2.4M,302.1K,@kennedyjardine,Female,68%
"Comedy, Vlog, Pets",Lincolninlove,343.6K,254.7K,@lincolninlove,Female,83%
"Comedy, Vlog, ",Black Goku,1.7M,375.1K,@notkcurry00,Female,61%
"Hair, Comedy, ",Victoria Adeyinka,15M,5.3M,@victoriaadeyinkaa,Female,78%
"Comedy, Vlog, ",Nicque Marina,1.2M,113.2K,@nicquemarina,Female,77%
"Drama, Comedy, Vlog",Martino,2.1M,1.1M,@martinojmp1,Male,65%
"Comedy, Vlog, +1",brigreenie,195.8K,103.1K,@brigreenie,Female,89%
"Comedy, Vlog, Video Games",Lil Jr,1.6M,167.3K,@liljr_ltd,Male,59%
"Comedy, Vlog, ",Michou,4.9M,3.8M,@michou_yt,Female,58%
"Dance, Vlog, Accessories",Bmoe_34,1.4M,285.6K,@bmoe_34,Female,60%
"Love & Dating, Comedy, ",üåà  E L S A  &  M E L ‚òÄÔ∏è,2M,420.1K,@elles_sassument_off,Female,76%
"Dance, Vlog, ",TyBott,2.6M,621.3K,@tybottofficial,Female,85%
"Dance, Vlog, Outfit",Nathan,1.9M,650.5K,@nathns,Female,83%
"Hair, Makeup, Comedy",üáÆüáπ –°—Ç–µ—Ñ–∏ –®–µ–π–¥–∏ üóø,1.4M,855.1K,@stefy.shady,Female,86%
"Comedy, Celebrity Account, Vlog",Josh Sundquist,1.9M,760.9K,@josh.sundquist,Female,61%
"Drama, Comedy, Vlog",Baron Ryan,1.3M,716.7K,@americanbaron,Female,59%
"Dance, Vlog, ",Ch4knu,3.5M,4.5M,@ch4knulovesall,Male,61%
"Dance, Vlog, ",üêâ,2.9M,679.3K,@syeraplitt,Female,85%
"Drama, Comedy, Vlog",Lilou vous spam,2.4M,222.1K,@lilou.grmmspam,Female,80%
"Comedy, Vlog, Outfit",iAmJordi,7.6M,493.3K,@iamjordiofficial,Female,84%
"Comedy, Vlog, ",Gray,3.1M,3.2M,@graysworld,Female,66%
"Dance, Traditional Sports, Vlog",Amber,994K,1.1M,@amberglenniceskater,Female,74%
"Dance, Comedy, Vlog",The Real Rahul Rai,3.4M,359.3K,@therealrahulrai,Female,80%
"Comedy, Vlog, ",Danieltopanofficial,2.4M,9.6M,@danieltopanofficial,Male,52%
"Comedy, Vlog, ",guava,6.3M,3.6M,@guavajuice,Female,61%
"Dance, Vlog, ",noah beck,29.4M,2.7M,@noahbeck,Female,82%
"Comedy, Vlog, ",Kaan,1.3M,1.7M,@kaan.etm,Female,57%
"Comedy, Vlog, ",Paqjonathan,1.3M,414.2K,@paqjonathan69,Female,86%
"Comedy, Cosplay, +1",CackleQueenüòÇüëë,2.1M,363.8K,@kirisimpa,Female,74%
"Comedy, Vlog, ",Grace Reiter üëÅüëÑüëÅ,1.6M,590.1K,@reitergrace,Female,86%
"Drama, Comedy, Vlog",Stage Door Johnny,1.2M,327K,@stage_door_johnny,Female,64%
"Comedy, Pop Culture, +1",Steve Harvey,6M,2.8M,@steveharvey,Female,65%
"Comedy, Slime & ASMR, Makeup",Arianna,1.5M,893K,@arienne.makeup,Female,85%
"Comedy, Vlog, +1",Poopi Blh,1.4M,764.7K,@poopiblh,Female,87%
"Drama, Comedy, Vlog",PatD Lucky,2.9M,612.6K,@patdlucky,Female,79%
"Dance, Vlog, ",Chammy ü¶Å,1M,555.2K,@porojin,Female,76%
"Comedy, Family & Parenting, ",Abraham Piper,1.1M,112.3K,@abrahampiper,Female,71%
"Comedy, Vlog, ",Noholito,3.7M,2.3M,@noholito,Female,79%
"Drama, Comedy, Vlog",Sammy Edan,579.5K,1.2M,@thewsammy,Male,62%
"Dance, Family & Parenting, Vlog",MegMota,1.6M,749.1K,@meganmota,Female,64%
"Comedy, Vlog, ",StinkyRat,3.8M,1.8M,@stinkyasher,Female,79%
"Comedy, Vlog, ",<3Êùé,1.9M,802.3K,@ruesaint,Female,71%
"Comedy, Vlog, ",jenningsbrower,3.3M,355.5K,@jenningsbrower,Female,74%
"Comedy, Vlog, ",PRIMKUNG,1.1M,1M,@primkung007,Male,68%
"Makeup, Comedy, Outfit",Bob The Drag Queen,1.1M,89.4K,@bobthedragqueen,Female,80%
"Love & Dating, Comedy, Vlog",Jaylin & Makaylaüíï,5.3M,1M,@makayla.domagalski1,Female,75%
"Comedy, , ",dylan.nalbandian,1M,1.8M,@dylan.nalbandian,Female,81%
"Comedy, Hair, +2",24kGoldn,5.5M,615K,@24kgoldn,Female,51%
"Vlog, Video Games, Technology",ShearsyVR,2.1M,2.5M,@shearsyvr,Male,68%
"Dance, Love & Dating, Comedy",Karen Mendoza,1.7M,2.1M,@karenmendoza_xo,Female,77%
"Dance, Love & Dating, Vlog",bella,3.8M,1.6M,@bellaretamosa,Female,81%
"Comedy, Vlog, ",Joe Dombrowski,893.5K,738K,@mrdtimes3,Female,85%
"Dance, Hair, Makeup",Megnutt02,8.1M,1.8M,@megnutt02,Male,63%
"Comedy, Health, ",The Braces Guy,3.8M,1.8M,@thebracesguy,Female,80%
